<?xml version="1.0" encoding="UTF-8"?>

<!-- Standard deployment descriptor.  Defines the "DocumentEJB" bean -->

<ejb-jar xmlns="http://java.sun.com/xml/ns/j2ee" version="2.1" xmlns:xsi="http://www.w3.org/2001/XMLSchema-instance" xsi:schemaLocation="http://java.sun.com/xml/ns/j2ee http://java.sun.com/xml/ns/j2ee/ejb-jar_2_1.xsd">
  <display-name>DocumentExample</display-name>
  <enterprise-beans>
    <session>
      <ejb-name>DocumentEJB</ejb-name>
      <home>DocumentHome</home>
      <remote>DocumentRemote</remote>
      <ejb-class>DocumentBean</ejb-class>
      <session-type>Stateful</session-type>
      <transaction-type>Bean</transaction-type>
      <security-identity>
        <use-caller-identity/>
      </security-identity>
    </session>
  </enterprise-beans>
</ejb-jar>
