<?xml version="1.0" encoding="UTF-8"?>

<!-- Vendor-specific deployment descriptor: "RMIdocument" to "DocumentEJB" -->
<!-- mapping.  "RMIdocument" is the public name looked up by the client. -->

<!DOCTYPE sun-ejb-jar PUBLIC "-//Sun Microsystems, Inc.//DTD Application Server 8.0 EJB 2.1//EN" "http://www.sun.com/software/appserver/dtds/sun-ejb-jar_2_1-0.dtd">
<sun-ejb-jar>
  <enterprise-beans>
    <unique-id>1</unique-id>
    <ejb>
      <ejb-name>DocumentEJB</ejb-name>
      <jndi-name>RMIdocument</jndi-name>
    </ejb>
  </enterprise-beans>
</sun-ejb-jar>
